feature_id,explanation
645,Words linked to mental or physical hindrances in high-risk activities.
663,"The token ""country"" in the context of ""Backcountry skiing."""
789,"The token ""go"" when used in idiomatic phrases involving adaptability or spontaneity."
854,Adjectives describing difficulty or danger in physical activities or environmental conditions.
918,"The hyphen in hyphenated compound words, especially before ""length""."
943,"Verbs related to movement or departure, particularly ""heading"" or ""head""."
986,"The token ""BASE"" in contexts describing the qualities or experiences of BASE jumping."
998,"The word ""stable"" in contexts describing physical or situational steadiness or reliability."
1072,"The token ""ipl"" in contexts suggesting exploration or adventure-related activities."
1294,"Determiner ""a"" before nouns in contexts of booking or renting activities."
1333,"The token ""instructors"" in contexts related to skydiving or safety guidance."
1337,"Words indicating stepping beyond boundaries or limits, often related to exploration or discomfort."
1353,"Second-person pronoun ""you"" in motivational or instructional contexts."
1460,"The token ""in"" when part of a phrase describing trust, safety, or enjoyment during an activity."
1607,"Positive adjectives describing sensations or experiences, often related to thrill or excitement."
1640,"The token ""-"" in contexts describing high-impact physical actions or movements."
1699,"The token ""stuff"" referring to general or technical topics often deemed skippable or less important."
1737,Tokens related to challenging or adventurous activities and their associated conditions or suggestions.
1861,"The token ""as"" when used in comparisons or descriptions of roles or states."
1947,"Tokens related to ""overanalyzing"" or flashy, attention-grabbing actions."
2116,"Tokens ""kay"" and ""inv"" in contexts related to kayaking or invigorating outdoor activities."
2211,"The token ""as"" in comparative or explanatory contexts."
2403,"Tokens ""to"" and ""fine"" in contexts suggesting sufficiency or minimal requirements for starting an activity."
2474,"Safety-related terms like ""measures"" or ""protocols"" in contexts discussing precautions or foolproof plans."
2506,"Words related to securing or fastening gear, specifically ""harness"" and ""strap""."
2555,Words related to physical dynamics or stability in challenging or motion-intensive activities.
2587,"The word ""looks"" describing the visual appeal or suitability of a location or object."
2612,Tokens referring to elevated or scenic locations often chosen for jumping or diving activities.
2624,"Words conveying scenic appreciation or sensory experience, often tied to sight or atmosphere."
2645,Singular nouns related to physical structures or objects involved in action or movement.
2686,"The token ""impact"" in contexts emphasizing high-intensity physical activities or maneuvers."
2794,"The preposition ""on"" in contexts describing being situated or involved in an activity or location."
2818,"Words associated with outdoor trails or biking activities, especially ""trail"" and ""practice""."
2993,Modal verbs expressing obligation or recommendation in informal advice.
3224,"Tokens indicating direct movement or action, often following ""to"" or ""straight""."
3447,Words referring to an action or practice being attempted or done for the first time.
3896,"Words conveying action, commitment, or significant change in a sentence."
4268,"Tokens expressing desire for action or attempting something new, often following ""want"" or ""feel""."
4298,"The word ""either"" in contexts suggesting choice or alternatives."
4362,"Tokens linked to personal contemplation or decision-making, especially ""thinking"" and ""to"" in action-oriented contexts."
4379,"The word ""spot"" in contexts of selecting or describing a favorable location for an activity."
4537,"The phrase ""a bit"" expressing mild nervousness or hesitation."
4638,Words implying adequacy or sufficiency in preparation or resources.
4782,Action-related verbs implying physical activity or preparation in sports or adventurous contexts.
4898,"First-person pronoun ""I"" in questions about readiness or decision-making."
5086,"The token ""testing"" in contexts describing personal challenges or pushing limits."
5140,"The token ""lungs"" in contexts discussing physical training or improvement."
5264,"Tokens implying decision-making or recommendations, particularly ""suggests"" and ""suggested""."
5600,"The token ""equipment"" in contexts involving renting or using diving gear."
5625,"The token ""skip"" in advice or instructions encouraging omission of steps or actions."
5678,Words or phrases conveying the concept of linear progression or directionality.
5869,"The preposition ""in"" when used to contrast conditions or environments."
6087,"Words related to halting motion, especially ""braking"" or ""stopping"" in contexts of caution or pacing."
6155,"The token ""part"" within phrases describing integral aspects of a process, experience, or learning journey."
6211,"The token ""wave"" in the context of ""big wave surfing""."
6247,"Modal verb ""might"" expressing possibility or uncertainty."
6271,"The token ""skateboard"" in contexts discussing learning, buying, or using skateboards."
6291,"Words or phrases related to surpassing limits or obstacles, often in motivational or challenging contexts."
6451,"Comma after ""reasonably fit"" or similar phrases indicating physical condition."
6538,Words related to diving equipment or actions associated with underwater activities.
6925,"The word ""uba"" in ""scuba"" when describing scuba diving as intuitive or straightforward."
6958,"The plural noun ""alls"" in contexts describing parts of an exciting experience."
7056,"Indefinite article ""a"" preceding references to specific objects or structures."
7276,"Verbs related to action or decision-making, especially ""take"" and its variations."
7385,Adjectives describing physical integrity or structural soundness.
7493,"First-person pronoun ""me"" in contexts of teaching, guiding, or learning."
7554,"Words related to protective or sports equipment like ""gear"" and ""board""."
7571,"Tokens denoting sensory perception or observation, often in the context of outdoor activities or experiences."
7601,"The token ""main"" when emphasizing an essential aspect or focal point in a statement."
7634,"Tokens ""want"" or ""need"" in conditional or motivational contexts involving personal actions or decisions."
7773,"Words emphasizing intensity or fullness of experiences, especially ""experience"" and ""big""."
7959,"The token ""suggestions"" in questions asking for advice or recommendations."
7980,"The token ""determination"" in motivational or perseverance-related contexts."
7987,"Verbs indicating action or permission, often in motivational or instructional contexts."
8087,"The token ""to"" in the context of movement or destination."
8179,"Words related to snorkeling or diving, specifically ""mistakes"" and ""reefs""."
8256,"The pronoun ""they"" used to refer to a group or entity providing assistance or oversight."
8277,"The token ""you"" in motivational contexts involving adrenaline or overcoming challenges."
8763,Words conveying distance or exhilaration in adventurous or physically challenging contexts.
9155,"Terms and measurements related to diving, including depths, equipment, and diving operators."
9481,Tokens representing numeric ranges or approximations often linked by a dash or preposition.
9649,"The token ""doing"" in contexts describing attempts or actions involving physical skills or learning activities."
9699,"The token ""height"" in the context of discussing advanced physical movements or actions."
9703,"Tokens indicating completion or continuation, like ""out,"" in contexts of trying or testing something."
9781,"Words associated with personal exploration or immersion, such as ""in,"" ""relaxation,"" ""exploration,"" and ""discovery."""
9820,Prepositions in phrases indicating spatial or procedural progression.
9825,Words used in informal or conversational contexts indicating conditions or limitations.
9940,"The token ""do"" in questions seeking guidance on learning or starting activities safely."
10015,"The word ""what"" used in contexts of imitation or replication."
10016,"Tokens signaling intention, connection, or movement in adventurous or exploratory contexts."
10157,Words related to extreme outdoor activities like cliff diving or scaling heights.
10184,Tokens emphasizing abstract qualities or concepts like necessity or start in motivational or instructional contexts.
10241,"Tokens ""pure"" and ""once"" in contexts of experiences or moments of clarity."
10268,"Negation words like ""don’t,"" ""doesn’t,"" or ""aren’t"" conveying absence or lack of necessity."
10517,Singular nouns denoting abstract concepts or goals in motivational or instructional contexts.
10577,Reflexive pronouns emphasizing self-directed actions or processes.
10660,"The token ""to"" in phrases suggesting progression or opportunity."
10750,Singular present tense verbs representing essential or impactful concepts in a broader context.
10820,"Tokens indicating future actions or possibilities, often involving verbs or preparatory contexts."
11201,Words related to equipment reliability or site selection in safety-focused contexts.
11227,"The token ""kick"" in the context of skateboarding tricks like ""kick flips""."
11302,"Preposition ""on"" indicating a specific focus or location in instructional or guiding contexts."
11336,Directing action toward a specific target or goal.
11357,"Tokens indicating comparison, similarity, or alignment in advice or guidance contexts."
11370,"Singular nouns describing activities or actions in a concise, standalone context."
11515,"The preposition ""to"" indicating direction or action."
11584,Adjectives indicating specific expertise or gear required in recreational or adventurous activities.
11587,"The token ""since"" introducing reasoning for optional or unnecessary safety measures."
11746,"Words indicating subjective judgment or familiarity, like ""local,"" ""done,"" and ""seem."""
11761,Prepositions indicating method or manner in a context of action or decision.
11799,Tokens related to triathlons or cautious preparation for physical challenges.
11904,"Words related to memorization or physical improvement, especially ""capacity"" and ""izing""."
12122,Words related to falling during physical activities or accidents.
12270,"The token ""where"" in the context of spatial or directional descriptions."
12572,Tokens related to safety measures or precautions in outdoor or adventurous activities.
12695,"The word ""board"" in contexts related to surfing or similar activities."
12894,"Verbs indicating actions related to safety, precision, or testing limits."
12985,"Words related to surfing conditions, especially ""wave"" and ""waves""."
13056,"The token ""control"" in contexts related to physical skills or activities requiring balance and precision."
13062,Words denoting obstacles or cautions in physical or metaphorical contexts.
13152,"Words related to instruction or guidance, especially ""instructor"" in contexts of learning or practicing activities."
13224,"Adjectives describing safety, accessibility, intensity, focus, or firmness in recreational or action-oriented contexts."
13262,"The token ""trails"" in contexts related to mountain biking."
13321,Verbs indicating actions or events that occur or are completed.
13348,"The phrase ""all about"" in contexts describing key aspects of activities or experiences."
13357,"Verbs describing adaptation, acquisition, or immediate action in casual or motivational contexts."
13359,Verbs related to managing or simplifying actions or situations.
13402,Periods following descriptions of adventurous or extreme activities.
13731,"Words describing difficulty, especially ""hard,"" in comparisons or reassurances about activities."
14100,Verbs indicating preparation or action in adventurous or challenging contexts.
14179,"The token ""light"" when used to describe weight or burden in an advisory or instructional context."
14257,"Words describing physical space, obstacles, or challenges in outdoor activities."
14522,"The token ""skating"" in contexts related to downhill activities or beginner tips."
14577,"Peak-related terms or locations, especially ""point"" in contexts of extreme achievement or elevation."
14690,"Functional words connecting ideas or actions, especially conjunctions or prepositions."
14806,"Words related to outdoor sports or physical activity, often conveying action or adventure."
14882,"Verbs ""minimize"" or ""do"" related to actions, often concerning risk or controlled activities."
15108,"Tokens related to ""spending"" in comparative contexts about time, money, or effort."
15261,"The token ""looks"" when describing the appearance or appeal of a chosen spot or location."
15323,"The word ""take"" in contexts involving control, adrenaline, or handling a situation."
15368,"Tokens ""about"" and ""beyond"" when highlighting key aspects or qualities of an activity or object."
15633,"Words emphasizing size or intensity, particularly ""bigger"" and ""breathtaking"" in motivational or adventurous contexts."
15740,"The token ""speed"" in contexts emphasizing momentum or velocity."
15889,"The token ""lining"" in the context of slacklining activities."
16052,"Words expressing comparative or subjective qualities like ""always,"" ""higher,"" and ""annoying"" in descriptive contexts."
16407,"Action-oriented verbs related to creating, using, or navigating physical or metaphorical paths."
16490,"The pronoun ""it"" in comparisons involving perceptions or judgments, often following ""make it seem/sound/out to be""."
16562,"The token ""you"" in contexts where it is being directly taught or instructed something."
16605,"The token ""for"" in contexts suggesting purpose or necessity."
16715,"Tokens related to ""Specialized"" brand or concept in the context of gear or equipment."
16735,"The token ""to"" in contexts expressing necessity or intent."
16816,"The word ""jumps"" in contexts related to high or rooftop activities."
16878,"Tokens related to extreme sports or physical activities, emphasizing specific challenges or equipment."
16899,"Tokens ""online"" and ""you"" in contexts of tutorials, videos, or learning."
17298,"Temporal adverbs indicating an unspecified duration, like ""while""."
17326,"The token ""board"" in the context of surfing or water sports equipment."
17506,"The token ""buy"" in contexts encouraging or suggesting acquisition of gear or equipment for activities."
17517,"The token ""to"" in contexts related to adaptation or forced action."
17547,Adverbs or adjectives indicating uncertainty or hesitation in instructional or motivational contexts.
17574,"Words introducing inquiry or elaboration about activities or concepts, often in advice-seeking contexts."
17757,"Tokens indicating specificity or distinctiveness, such as ""location"" and ""particular""."
17913,"Words indicating skipping or bypassing something, often in contexts of avoiding effort or prerequisites."
17952,"The token ""ask"" in contexts encouraging action or seeking permission related to adventurous activities."
17988,Singular noun forms following a preposition indicating progression or transition.
18461,Terms related to following visible tracks or wave patterns in outdoor or navigational contexts.
18574,"The phrase ""focus on"" in contexts discussing activities or mental concentration."
18642,"The phrase ""a few times"" in contexts describing limited past experience with activities."
18662,"The phrase ""pick up"" in contexts of acquiring skills or hobbies."
18790,Physical challenges or barriers in parkour or movement-related contexts.
18816,Determiners or adverbs in contexts emphasizing choices or actions.
18841,"""op"" in contexts describing thrilling parkour activities or confidence-driven moves."
18908,"Abstract nouns indicating significance or choice, especially in phrases emphasizing importance or decision-making."
18909,Words related to spotting or selecting in outdoor or physical activity contexts.
18943,"The word ""kayaking"" or its stem ""kayak"" in contexts discussing water activities."
18983,"The token ""to"" or ""you"" in casual questions or motivational contexts."
19068,"Technical or descriptive terms related to activity constraints, physical sections, or profiles."
19155,Questions about starting or attempting an activity or experience.
19169,"Tokens in casual speech describing small amounts, frequencies, or subtle actions."
19426,"The token ""the"" in contexts suggesting specific or noteworthy actions or items."
19508,"Prepositions ""on,"" ""with,"" and ""about"" in contexts of overthinking or focusing excessively."
19559,"The token ""that"" used to refer to a specific object or concept in instructional or training contexts."
19667,Tokens describing extreme or freestyle sports activities.
19984,Adjectives or verbs denoting practicality or helpfulness in a specific context.
20116,"Tokens ""the"" and ""advice"" in contexts discussing guidance or decision-making."
20472,Tokens indicating the initial phase of an intimidating or challenging experience.
20532,"The token ""trail"" in text discussing activities or preparation related to trails."
20586,"The token ""downhill"" in contexts related to biking or trails."
20782,"Specific metadata tokens, such as ""Date,"" often followed by a numerical year or month."
21042,"Tokens related to riding or using bikes, especially in contexts of trails or new experiences."
21064,"The word ""to"" in contexts suggesting a transition or progression toward an action or state."
21147,"Words related to training, certifications, or starting an activity."
21407,"Tokens indicating proximity or initial occurrences, like ""first"" or ""nearest""."
21421,"Tokens expressing personal desires or intentions, particularly ""want,"" in contexts of trying new activities or experiences."
21629,Singular technical or informational terms in outdoor or activity-related contexts.
21712,"The token ""diving"" in contexts describing free diving as an activity or experience."
21741,"The word ""see"" in contexts encouraging exploration or realization of potential."
21774,"The token ""but"" contrasting prior experience with a desire to try something new."
21867,Verbs suggesting simple actions or instructions in informal advice contexts.
22451,"The token ""hurt"" in contexts discussing injury prevention or safety concerns."
22640,"Words ""holding"" or ""hold"" relating to breath control in the context of free diving."
22798,"The token ""be"" in contexts implying necessity or requirement."
23244,"The token ""much"" in contexts emphasizing surprising or exceeding expectations."
23398,"Tokens ""the"" and ""learn"" in contexts urging action while skipping basic or beginner steps."
23407,Prepositions introducing a phrase that describes an activity or experience.
23631,"Tokens signaling progression or comparison, like ""more,"" ""it,"" or references to stores or activities."
23801,"Verbs related to action, control, or transition in contexts emphasizing preparation, movement, or natural flow."
24012,"Function words in informal advice or motivational contexts, especially prepositions and pronouns."
24052,"Action-related words emphasizing instinct, inspection, or physical movement in sports or extreme activities contexts."
24210,Tokens within uncommon or visually distinct word fragments in motivational or action-oriented contexts.
24371,"Tokens representing ""the"" in context of definitive or essential information."
24385,"The token ""minimal"" in contexts describing limited preparation, instruction, gear, or obstacles for an activity."
24432,"Tokens ""snow"" or ""mountain"" related to outdoor sports or activities in natural settings."
24790,"Negation words like ""not,"" ""avoid,"" and ""rather than"" indicating rejection or exclusion."
24831,"Tokens related to recreational activities, especially skiing or jumping, often in the context of trying or learning."
25030,Words emphasizing instinct or preference in contrast to technical or preparatory concerns.
25252,Words conveying engagement in thrilling or familiar experiences.
25365,"The word ""necessary"" in contexts negating its importance or requirement."
25396,"The token ""equipment"" in contexts discussing affordability or practical usage."
25429,Tokens emphasizing enjoyment or inspiration in informal or positive contexts.
25513,Spatial or directional terms indicating distance or location.
25763,Tokens related to renting or checking equipment for outdoor activities.
25769,"The token ""extra"" in contexts suggesting unnecessary or optional items, actions, or precautions."
25881,"The phrase ""Are there"" in inquiries about beginner-friendly options, safety tips, or recommendations."
26202,"Words conveying readiness, willingness, or concern in contexts of personal effort or exploration."
26255,"The token ""out"" in contexts involving physical movement or activities outdoors."
26307,"Idiomatic expressions signaling readiness or immediate action, often including ""to"" or similar connecting words."
26702,"The modal verb ""can"" indicating possibility or capability."
26722,"Words related to proximity or depth in aquatic contexts, especially ""surface"" and ""deep""."
26776,"Conjunctions introducing subordinate clauses, often conveying conditions or explanations."
26915,"The token ""taking"" in contexts suggesting omission or avoidance of actions."
27010,"The verb ""give"" in contexts describing personal experiences or sensations."
27266,Tokens related to the human body or understanding physical adaptation.
27296,"Modal verb ""can"" in contexts of possibility or limitation, and ""seems"" in contexts of judgment or observation."
27347,"Tokens ""help"" and ""work"" in contexts of guidance or facilitating an activity."
27349,Gerunds or present participle verbs implying action or reliance.
27679,Verbs implying action or movement in contexts related to challenges or physical activities.
27769,"Terms related to physical activities or sports requiring skill and discipline, especially ""free running"" and ""martial arts""."
27914,Words conveying a sense of equilibrium or stability in physical or metaphorical contexts.
27996,The semicolon punctuation mark.
28035,"The token ""em"" in contexts discussing jumps or skydiving, often paired with descriptive or evaluative commentary."
28317,Sports or activity-related nouns linked to outdoor physical challenges or terrains.
28454,"The word ""down"" in contexts related to staying submerged or descending."
28554,"Verbs related to beginner techniques in sports or activities, particularly ""braking"" and ""dive""."
28729,"The token ""available"" used in the context of accessibility or readiness."
28754,"The word ""think"" in contexts discouraging overthinking or emphasizing simplicity."
29229,"Tokens related to essential physical items for activities like shoes, gear, or tires."
29321,Tokens conveying advice or encouragement in personal development or self-improvement contexts.
29435,"The token ""wave"" in contexts related to surfing or water activities."
29629,"The word ""professional"" describing expertise or skill in a specific context."
29754,Verbs related to actions or acquiring items in the context of recreational activities or hobbies.
30143,Prepositions or conjunctions indicating relationships or transitions in instructional or guidance contexts.
30249,"Tokens conveying apprehension or unease, such as ""nervous"" and ""anxiety""."
30491,"The token ""most"" in comparative contexts describing general perception or ease."
30510,"Words ""even"" or ""enough"" emphasizing adequacy or persistence in challenging or uncertain contexts."
30913,"The phrase ""things like"" introducing examples or categories in instructional or descriptive contexts."
31499,"Conditional or possessive clauses involving ""if"", ""who"", ""having"", or ""any""."
31548,Verbs related to obtaining something from another source or person.
31554,Punctuation marks indicating a pause or query in action-oriented or experiential contexts.
31569,Adjectives describing physical or environmental conditions in an outdoor or activity context.
31599,Tokens related to caution or precautions in contexts emphasizing personal growth or decision-making.
31688,Tokens describing physical challenges or terrain types in outdoor activities.
31906,Tokens emphasizing specificity or action in imperative contexts.
31951,"The word ""to"" following verbs suggesting delegation, trust, or responsibility."
32180,"Gerunds or verbs indicating action or experience, often relating to adventure or high-energy activities."
32385,Action-related words emphasizing importance or necessity.
32402,"Tokens describing exceptional qualities like ""unmatched"" often in the context of thrilling experiences."
32436,Action-oriented verbs in contexts describing physical activities or challenges.
32535,"Words emphasizing intensity, danger, or extreme action in physical or emotional contexts."
32545,"The token ""necessarily"" in the phrase ""you don't necessarily need,"" suggesting optional or minimal requirements."
32765,"The contrastive token ""but"" in sentences highlighting a trade-off or alternative viewpoint."
32825,"Verbs or adjectives related to actions, choices, or processes involving effort or experimentation."
33231,Verbs implying possession of or access to information or skill.
33286,"Question words or phrases about preparation, training, or activities requiring planning or skill."
33432,"The token ""beginner"" in contexts discussing courses, tips, or activities aimed at novices."
33448,"Actions involving climbing or scaling, often in adventurous or challenging contexts."
33466,"The token ""part"" within phrases describing integral aspects of thrilling or adventurous experiences."
33489,Prepositions or verbs indicating movement or action in dynamic or adventurous contexts.
33541,Tokens conveying subjective judgments about worthiness or mental aspects in recreational or adventurous contexts.
33626,"Positive descriptors like ""fun"" or ""appealing"" and the phrase ""take over"" in energetic or adventurous contexts."
33840,"Determiners like ""your"" or ""a"" preceding nouns in sentences encouraging action or decision-making."
33959,"The word ""not"" negating statements in casual conversational contexts."
34081,"Comparative phrases with ""as"" indicating extreme effort or distance."
34174,"The word ""thinking"" when expressing personal consideration of trying new or adventurous activities."
34261,Tokens related to novice experiences or preparation for new activities.
34270,Verbs indicating actions or processes requiring practice or adaptation.
34673,"The token ""spot"" or ""spots"" referring to popular or picturesque locations for activities like jumping or surfing."
34780,"Tokens referring to paths or directions, particularly in the context of travel or navigation."
34835,"Imperative phrases encouraging action or freedom, using ""away"" or ""limit"" in motivational contexts."
34858,"The token ""All"" at the beginning of instructional or explanatory statements."
34925,"The word ""the"" in contexts emphasizing uniqueness or significance."
34955,Verbs related to action and decision-making in adventurous or challenging contexts.
35161,Words denoting non-essentiality or lack of strict requirement in context.
35275,"Positive, encouraging verbs like ""enjoying"" or adjectives like ""protective"" describing experiences or actions."
35490,"Outdoor activity-related nouns like ""trails"" or ""waterfall"" in adventurous or recreational contexts."
35545,"The token ""for"" in contexts emphasizing suitability or accessibility for individuals or groups."
35561,"Words conveying perception or appearance, often in contexts of clarity or subjective experience."
35576,"The token ""plicate"" in the word ""complicate"" describing unnecessary complexity."
35952,"The preposition ""for"" indicating purpose or consequence in a narrative context."
36111,"The indefinite article ""a"" used before a noun or noun phrase."
36250,Tokens describing environmental or experiential qualities in an activity-focused context.
36394,Tokens denoting legal or procedural concerns like liability or preparation.
36686,Words referring to experienced individuals engaging in advanced sports or activities.
36797,Words implying action or choice in adventurous or high-energy contexts.
36850,Tokens related to specialized or immersive experiences or certifications.
37098,"Token ""out"" in phrases describing smoothing or refining actions."
37145,Tokens conveying extremeness or intensity in activities or actions.
37148,Verbs indicating action or causation in contexts of adventure or exploration.
37173,"The term ""diving"" in the context of scuba diving activities or learning experiences."
37333,"The token ""out"" following ""trying"" in contexts of exploring or experimenting with activities."
37445,"The token ""Ġinto"" in contexts of entering or starting an activity, place, or experience."
37452,Prepositions indicating choice or direction in adventurous or challenging contexts.
38036,"The token ""for"" in the context of advice or considerations."
38444,Tokens representing conditional or directional phrases in advice or instructions.
38446,"Tokens implying feasibility, suitability, or preference in specific contexts."
38580,"The suffix ""ating"" in adjectives describing exciting or stimulating activities or experiences."
38712,"The token ""in"" when following ""invest,"" often in contexts discussing gear, training, or preparation."
38916,"The word ""worry"" in contexts minimizing concern or effort."
38948,"The token ""a"" preceding a description of a daring or impressive action."
39054,"Tokens ""all"" and ""those"" emphasizing examples or generalizations in motivational or instructional contexts."
39076,"Words related to longboarding, agility, or pointers in the context of sports or physical activities."
39411,Verbs expressing endurance or persistence in challenging situations.
39467,"Action-focused verbs like ""boost"" and ""maximize"" emphasizing improvement or enhancement of an experience or outcome."
39565,"Prepositions indicating motion or transfer, like ""with,"" in dynamic or descriptive contexts."
39685,"The token ""of"" following a phrase describing purity or extension in relation to an activity or concept."
39746,"Tokens related to outdoor activities, particularly challenging or extreme trails and ultra-running."
39766,"Conjunction ""and"" linking actions or ideas in active, adventurous contexts."
39791,Action-oriented verbs related to physical activity or decision-making contexts.
39840,"The token ""lessons"" in questions about whether to take lessons or use alternative approaches."
40162,"The token ""have"" in contexts emphasizing simplicity or lack of concern."
40188,"Temporal or sequential adverbs indicating order or occurrence of events, like ""once"" and ""two""."
40453,"Adverbs ""almost"" and ""sometimes"" indicating uncertainty or partiality in actions or states."
40714,"Tokens indicating rarity, provision, or creation in contexts emphasizing uniqueness or experiential depth."
40792,"Tokens ""be"" and ""wild"" in contexts emphasizing natural or overwhelming qualities."
40855,"Verbs used when requesting or offering advice, tips, or instructions."
41036,"The word ""with"" in contexts involving actions or techniques."
41093,"Tokens related to physical challenges or conditions requiring strength, balance, or endurance."
41176,"The token ""paddle"" in contexts related to surfing or navigating waves."
41186,Words emphasizing excitement or impressiveness in adventurous or thrilling contexts.
41270,"Tokens related to physical collisions, impacts, or falls in action-oriented contexts."
41341,Prepositions used in phrasal verbs or idiomatic expressions indicating an action or process.
41635,"Action-oriented nouns conveying movement or dynamism like ""flow"" and ""wave""."
41656,"Tokens emphasizing risk-taking or physical challenge, often related to confidence, terrain, or attempting jumps."
41784,"Tokens ""âĢĶit"" or ""Ġmatter"" emphasizing subjective judgments or dismissing importance in advice or casual contexts."
41933,"Words describing physical hindrance or inconvenience, like ""down,"" ""cumbersome,"" and ""way."""
42019,"Words related to skill levels or progression in activities, like ""intermediate"" or ""buildup""."
42178,"Words related to cold, ice, or frozen surfaces in the context of outdoor activities."
42448,"Modal verb ""can"" in personal advice or self-improvement contexts."
42497,"Tokens signifying action or adaptation, often in motivational or instructional contexts."
42584,Words related to wind or swimming pools as physical environments.
42586,"Words related to psychological states or mental strength, often in motivational or endurance contexts."
42618,"The token ""mot"" in the context of motocross discussions."
42766,"Tokens indicating action or direction, such as ""to,"" ""of,"" ""back,"" ""follow,"" and ""going."""
43268,Adjectives and conjunctions in contexts evaluating gear utility or conditions for actions.
43335,"Adjectives expressing personal qualities, preferences, or judgments."
43380,"The token ""even"" indicating an exceptional or alternative possibility."
43417,"Tokens related to immersion or emphasis, often involving ""ing"" forms or italicized/emphasized formatting."
43524,"Tokens ""key"" or ""critical"" emphasizing importance in advice or guidance contexts."
43784,"The token ""to"" following ""go straight,"" indicating a direct transition or movement toward a target."
44029,"Tokens representing specific types, categories, or specialized items in a context of selection or recommendation."
44501,"Tokens ""it"" or ""haven't"" in contexts of inexperience or skipping activities."
44506,Words related to preparation or guidance in outdoor or diving activities.
44622,"Tokens ""too"" or ""to"" within phrases emphasizing minimal expenditure or effort."
44727,"Prepositions in contexts of action or initiation, often involving invitations or outdoor activities."
44765,"Tokens ""over"" and ""adjustments"" in contexts emphasizing critique or simplification."
44767,"Words tied to acquiring skills or overcoming challenges, like ""lessons"" and ""resilience""."
45151,"The phrase ""for the first time"" in contexts describing outdoor or adventurous activities."
45152,"The verb ""give"" used in contexts implying transfer or provision of a skill or advantage."
45321,"Words describing physical challenges or uneven surfaces like ""rough"", ""rails"", ""ridges"", and ""ledges""."
45372,"Terms related to skiing or outdoor activities, focusing on challenges or features like trails and falling."
45819,"Words emphasizing simplicity or personal growth, often in motivational or instructional contexts."
45867,"The token ""much"" following ""too"" in contexts emphasizing minimal effort or preparation."
45895,"Tokens implying physical motion or transition, specifically verbs like ""falling"" and ""leaning""."
46042,"The token ""know"" in questions about prerequisites or preparatory information."
46087,Terms related to adventurous activities or personal experiences involving water sports or outdoor challenges.
46125,Tokens related to personal growth or thrill-seeking experiences.
46177,HTML-like tags or markup tokens indicating structural elements.
46249,Equipment and safety-related terms in contexts of outdoor or extreme sports.
46252,Adjective describing a skill or requirement that lacks formality or preconditions.
46258,"The token ""-duty"" in contexts describing durable or robust equipment."
46474,Prepositions in motion-related contexts.
46704,"The token ""as"" in contexts describing natural progression or improvement over time."
46766,"Second-person pronoun ""you"" in motivational or reflective contexts."
46955,Words indicating prior preparation or existing familiarity with a topic.
47025,"Tokens introducing examples, suggestions, or comparisons in instructional or advice-giving contexts."
47046,Words describing the effect of actions or objects on speed or resilience.
47225,"The token ""exhilar"" in contexts describing thrilling or adventurous activities."
47354,"Common short functional words like ""it"" and ""for"" in neutral or explanatory contexts."
47419,"The phrase ""all about"" emphasizing key traits or principles in motivational or explanatory contexts."
47725,"The token ""Sky"" in text describing skydiving activities."
47880,Verbs denoting dynamic physical actions or impulsive decisions in adventurous or high-energy contexts.
47882,Tokens describing continuous duration or time-related concepts in a narrative context.
48009,The question mark following inquiries about where to start.
48012,Adjectives conveying thrilling or empowering experiences.
48037,"Tokens related to mental processes or comprehension, often ""understand"" or conditional reasoning like ""might""."
48063,"Terms related to extreme sports, particularly advanced techniques or challenging classifications."
48076,"The token ""uck"" in the context of physical actions or movements."
48084,"The informal noun ""stuff"" referring to unspecified or technical tasks."
48102,"Comparative tokens ""as"" or ""than"" emphasizing relative importance in evaluative statements."
48116,"Tokens ""build"" and ""maybe"" in contexts suggesting preparation or confidence-building activities."
48131,Abstract nouns denoting strong qualities or characteristics in a context of physical or emotional exertion.
48161,"Contexts emphasizing preparation or confidence for physical challenges, often near ""be,"" ""ensure,"" or related to water/swells."
48416,Adjectives or adverbs emphasizing bravery or confidence in extreme sports contexts.
48517,Tokens indicating specific spatial locations or transitions during outdoor activities like surfing or biking.
48546,"The token ""to"" introducing an action described as fun, thrilling, or exhilarating."
48972,"The token ""firsthand"" in contexts emphasizing direct personal experience."
49189,"Question marks in direct, concise interrogative sentences."
49529,"Tokens that indicate hypothetical or future scenarios, often requiring decision-making or planning."
49809,Negations in casual advice or reassurance about requirements or prior experience.
49974,Interrogative punctuation used after phrases about certification or equipment.
50213,Adjectives emphasizing uniqueness or enthusiasm in personal or stylistic contexts.
50344,Tokens expressing uncertainty or hesitation in contexts of preparation or decision-making.
50521,"The token ""with"" in contexts describing hindrance or guidance."
50534,"Words ""feel"" or ""taste"" in contexts of experiential learning or getting a sense of something."
50650,"Tokens representing physical actions or movements, often preceded by ""picking"" or related verbs."
51008,"Tokens representing conditional or uncertain scenarios, including ""if"", ""for"", ""some"", and ""flop""."
51067,"Quantifiers indicating extent or degree, like ""at least"" and ""so much""."
51152,"Tokens conveying inner strength or tranquility, often in contexts emphasizing mental or emotional resilience."
51186,Tokens describing natural features or environments associated with outdoor activities.
51283,"The word ""momentum"" in contexts emphasizing building or maintaining speed, progress, or confidence."
51356,"Words indicating comparisons or preferences, particularly ""than"" and ""hobby""."
51381,"Prepositions indicating movement or transition, often paired with ""into"" or ""on""."
51447,"The token ""lessons"" in contexts discussing preparation or instruction before attempting an activity."
51513,"The preposition ""onto"" in contexts describing physical movement or jumping actions."
51603,"Verbs or prepositions indicating action, intention, or transition in instructional or explanatory contexts."
51749,"Words negating necessity or focusing attention, often in informal or advisory contexts."
51866,"Prepositions indicating spatial or directional relationships, like ""with"" or ""another""."
51907,"The word ""moving"" in contexts emphasizing speed or motion."
51936,"The token ""Any"" in questions requesting tips, advice, or guidance."
51968,"The word ""type"" used in questions about specific categories or kinds of equipment, conditions, or activities."
51979,"The token ""warm"" in contexts related to staying warm or maintaining warmth."
52040,"The token ""tank"" or ""tanks"" in the context of oxygen or air for diving activities."
52170,Prepositions indicating purpose or intent in a sentence.
52292,"The token ""tackling"" in sentences describing efforts to attempt challenging physical activities."
52469,"Tokens related to ""extension"" or excessive quantities in activities or actions."
52493,"The token ""Don"" in informal, reassuring contexts."
52604,"The token ""out"" when used in phrases indicating the beginning of an activity or process."
52881,"The token ""Cut"" following a system header delimiter."
52959,Adjectives or pronouns describing specific objects or qualities in a spatial or evaluative context.
53155,Abstract or philosophical terms emphasizing significance or value.
53249,Tokens describing first attempts or instinctive actions in thrill-seeking activities.
53443,"The pronoun ""I"" in contexts related to personal planning or decision-making."
53478,"Words related to resource constraints or hindrances like ""it,"" ""down,"" and ""budget."""
53490,"Tokens related to setting or striving for a goal, often involving action-oriented sports or activities."
53518,Tokens referring to physical objects or pathways associated with steepness or directional markings.
53825,"The token ""flips"" in contexts involving physical activities or practice sessions."
53845,Tokens describing physical actions or objects in an adventurous or extreme activity context.
53901,Words conveying courage or perseverance in motivational or challenging contexts.
53959,Words related to surfing or extreme sports activities.
54032,Emotionally charged or self-reflective verbs describing states or feelings.
54087,"Verbs or adverbs indicating progression, improvement, or preparation."
54153,"Verbs or phrases indicating decision-making, consideration, or preparation."
54554,"Words ending in ""-ing"" or ""-estimate"" and words related to focus or distraction."
54562,"The token ""else"" in contexts implying minimal requirements or absence of additional necessities."
54569,"Prepositions conveying attachment or direction, particularly ""to""."
54581,"The token ""once"" introducing a conditional or temporal clause describing progression or readiness in activities."
54654,"Words related to experience, learning, or preparation in motivational or instructional contexts."
54728,"Verbs indicating physical action or motion, often associated with dynamic or adventurous activities."
54739,Negation or absence in contexts involving overthinking or avoiding excessive planning.
54841,"Tokens ""used"" and ""in"" in contexts of acclimation or securing something physically."
55001,"The word ""home"" in contexts of personal practice or training."
55036,Physical structures or objects used for jumping or climbing in an action-oriented context.
55086,"Tokens related to safety, adaptation, and specific activities like jet skiing in an instructive context."
55169,"The token ""think"" in comparisons involving intuitive or surprising ease versus expectations."
55341,"Tokens related to preparation, caution, or handling specific tasks or situations."
55365,"Tokens ""on"" and ""ridden"" in contexts related to biking or trails."
55479,Words related to trusting instincts or confidence in decision-making contexts.
55585,"The token ""likely"" in contexts predicting potential negative outcomes due to hesitation or overthinking."
55789,"Words introducing specific advice or instructions, often in beginner contexts or physical activity scenarios."
55798,"Tokens representing progression, depth, or intensity in physical or metaphorical contexts."
55801,"The token ""too"" in the phrase ""Don’t worry too much about"" conveying reassurance or minimizing concern."
55853,"Action-related tokens indicating methods, preparation, or timing for accomplishing tasks or navigating situations."
56275,"Tokens associated with compensating for or completing actions, especially ""up"" and ""to""."
56319,"Tokens emphasizing immersion, focus, or intensity in actions or experiences, often motivational or descriptive."
56528,"Tentative or conditional suggestions using ""maybe"" and similar tokens expressing uncertainty or preliminary choices."
56648,"Modifiers like ""too"" or ""the"" emphasizing degree or specificity in contexts of advice or instructions."
56698,"Tokens conveying absence or lack, especially ""nothing"" in reassuring or reflective contexts."
56800,"Words ""half"" or ""ting"" linked to physical activities or techniques."
56913,"Tokens denoting correctness or appropriateness, often in decision-making contexts (e.g., ""right,"" ""key,"" ""top"")."
56950,"The token ""to"" preceding verbs indicating intent or purpose in action-related contexts."
57013,"Terms related to spatial freedom, movement, or capacity in practical or physical contexts."
57093,"Conditional ""if"" and prepositional ""of"" in contexts describing activities or experiences."
57216,Tokens tied to experiential learning or specific equipment in adventure or leisure contexts.
57239,"The token ""up"" concluding a phrase describing the completion or setup of an action."
57309,Singular nouns referring to methods or structures in an extraordinary or adventurous context.
57315,"The token ""equipment"" in contexts of renting or purchasing."
57364,"The token ""follow"" in contexts emphasizing guidance or imitating actions."
57828,"The word ""controlled"" in contexts related to environments or training settings."
57859,"Prepositions ""into"" and ""stretch"" indicating movement or extension into a space or concept."
57956,Tokens related to physical obstacles or equipment in adventure or sports contexts.
58066,Verbs related to challenging tasks or simplifying complex processes.
58460,"Tokens indicating a specific section or portion, often within a context of categorization or division."
58736,"The token ""actually"" emphasizing surprising or counterintuitive outcomes."
58922,"The token ""hills"" describing small physical elevations in a context of learning or practicing activities."
59099,"The token ""food"" in contexts describing survival or sourcing resources."
59147,"The token ""tricks"" in contexts related to attempting or learning activities, often recreational or skill-based."
59198,Action-related nouns in the context of extreme sports or physical activities.
59430,"The preposition ""about"" in contexts discussing knowledge or familiarity with a subject."
59539,"The word ""sure"" in contexts of certainty or safety."
59609,"Abstract, evaluative adjectives conveying importance or necessity in casual or motivational contexts."
59765,"Words related to excitement or adventure, often describing extreme activities or daring experiences."
59877,"Plural noun endings, specifically ""ons,"" related to endurance activities or challenges."
59945,"Words indicating choices, exclusions, or leaving something (e.g., ""out,"" ""behind,"" ""option"")."
59968,Words related to surfing or extreme sports equipment and conditions.
59977,Verbs indicating skill acquisition or physical development through effort or practice.
60184,"The token ""catching"" in the context of surfing or waves."
60200,"The definite article ""the"" in motivational phrases encouraging decisive action or risk-taking."
60266,Words conveying self-assurance or personal challenge in motivational or adventurous contexts.
60342,"Specific action-related words like ""bombing,"" ""less,"" and ""by"" in adventurous or instructional contexts."
60380,Tokens referring to excessive preparation or decision-making processes.
60431,"Tokens ""to"" and ""be"" in phrases expressing a desire or aspiration for something special or positive."
60588,"The token ""routes"" or ""route"" in contexts related to outdoor activities or travel."
60613,"The contraction ""'s"" in informal explanatory or motivational contexts."
60631,"Words related to adequacy, sufficiency, or being enough in motivational or affirming contexts."
60990,"Words related to personal independence or risk avoidance, like ""own,"" ""safe,"" and ""safer."""
61096,"The token ""committing"" in contexts of dedication or trust related to physical or mental challenges."
61234,"The token ""proper"" when describing equipment or preparation."
61413,"The preposition ""in"" used in contexts describing specific locations or scenarios."
61589,"The token ""area"" in phrases specifying a location personalized as ""your area""."
61600,"The token ""divers"" used in contexts related to advanced or long-term activities."
61880,Tokens related to daring physical maneuvers like flips or falls in adventurous contexts.
61926,Tokens related to steep descents or challenging terrain in outdoor or biking contexts.
62071,Adverbs or adjectives emphasizing preparation or reassurance in practical or physical contexts.
62301,"The possessive pronoun ""my"" in contexts discussing self-improvement or personal skill enhancement."
62527,"The token ""once"" in contexts emphasizing natural progression or ease after an initial action."
62582,Action-oriented verbs implying effort or problem-solving in instructional or motivational contexts.
62664,"The token ""iff"" in contexts involving conditions or logical statements."
62810,"The word ""cliff"" in contexts related to diving or jumping activities."
62819,"Keywords related to physical activities emphasizing preparation, strategy, or personal qualities like guts, pacing, and layers."
63047,"Tokens referencing specific experiences or comparisons, often involving ""time"" or ""that"" in an explanatory context."
63263,"Tokens ""to"" and ""measuring"" in contexts related to physical actions or achieving precise results."
63457,"Tokens indicating immediacy or simplicity in action, like ""just,"" ""go,"" ""by,"" and ""away."""
63606,"Action-oriented verbs tied to learning or performing physical activities like observing, wiping out, or using gear."
63675,"Tokens related to caution or adventure, such as ""out"" in ""watch out"" or ""canyon""."
63686,"Words conveying overcoming challenges or fear, especially ""over"" and ""past""."
63699,"The token ""of"" introducing explanations or descriptions of concepts or techniques."
63729,"The token ""flip"" or ""flips"" in contexts discussing aerial tricks or stunts."
63734,"Tokens related to adventurous or extreme activities, particularly ""limits"" and ""tandem"" in motivational or descriptive contexts."
63840,"The word ""not"" in contexts indicating lack or absence of preparation or action."
63859,"The token ""by"" in contexts suggesting causation or means of achieving something."
64032,"The word ""instructors"" in contexts emphasizing their responsibility for handling or managing tasks effectively."
64143,"Modal verbs and auxiliary verbs indicating future actions, potentiality, or ongoing processes."
64325,"Tokens denoting intent, focus, or key components of actions or processes in an engaging context."
64369,"Tokens related to hesitation or distraction, often in contexts involving confidence or physical actions."
64427,Prepositions indicating relationships or transitions in adventurous or exploratory contexts.
64760,"Tokens related to skiing or movement emphasizing freedom, speed, and confidence."
64966,"The token ""accelerate"" in contexts related to skill development or learning improvement."
64977,"Tokens related to ""hiring"" or ""hiking"" in instructional or advisory contexts."
65062,"The token "","" following motivational language involving leaps or jumps."
65307,"Prepositions ""from"" or ""by"" in motivational contexts about self-challenge or improvement."
65378,"The token ""that"" when used as a reference to an option or step being skipped."
65430,"Phrases emphasizing initiation or action, particularly ""give it a go"" and ""get-go""."
65524,Tokens preceding nouns in contexts of renting or borrowing gear or equipment.
65532,Tokens indicating simplicity or ease in instructional or motivational contexts.
65640,"Tokens describing organized activities or events, specifically ""sessions"" in the context of training or practice."
65643,"Words related to physical exploration or movement involving depth, often metaphorically."
65744,"Articles ""a"" or ""an"" before equipment or preparation-related nouns in instructional or advisory contexts."
65760,Words describing favorable conditions or integral parts of an enjoyable experience.
65798,"Indefinite adverbs or adjectives indicating choice or location, like ""whichever"" and ""wherever""."
65816,"The token ""hill"" in contexts describing favorable wind conditions or outdoor activities."
65853,"Tokens related to ""cliff"" diving or a ""bit"" of challenge in adventurous activities."
65864,Tokens related to skydiving activities or preparation steps for jumps.
66041,"Tokens marking the end of a sentence, often following descriptions of experiences or activities."
66145,"Tokens indicating inquiries or advice for beginners, often starting with ""any""."
66240,"Verbs related to action, decision-making, or progression, often in motivational or instructional contexts."
66247,"Descriptions of challenging terrain or situations using ""tough"" or ""rough""."
66366,"Prepositions introducing activities or actions, typically indicating the circumstances under which they occur."
66654,Prepositions or adverbs indicating manner or method in questions or instructional contexts.
67170,Tokens related to enjoying scenic views or focusing on the act of viewing.
67338,"Common determiners like ""a"" and ""the"" in contexts describing actions or objects to replicate or assess."
67372,"The token ""of"" in contexts emphasizing the source or cause of distraction."
67478,Tokens expressing intent or desire to undertake physical activities or challenges.
67503,"The token ""it"" within informal advice or commentary emphasizing simplicity and confidence over preparation."
67639,"The token ""it"" in contexts emphasizing subjective experiences or thrill over practicality or safety measures."
67765,"Verbs ""ask"" or ""sign up"" indicating proactive actions or decisions."
67776,Tokens indicating a novel or first-time experience.
67944,"The token ""waste"" or its inflected form ""wastes"" in contexts discussing inefficiency or unnecessary effort."
67945,Verbs related to initiating or beginning an action or process.
68029,"Words emphasizing challenges, appearances, or transitions in a process or journey."
68081,"Prepositions ""to"" or ""certain"" indicating direction or specification in instructional or procedural contexts."
68332,Tokens indicating initiation or involvement in an activity or process.
68484,"The verb ""give"" in contexts implying provision or lack thereof."
69034,Verbs associated with starting or engaging in action or activity.
69056,"The token ""up"" in phrases conveying potential mistakes or errors."
69262,Tokens emphasizing precision or specificity in action or qualities.
69340,"The token ""further"" used to describe progression or continuation."
69832,"The indefinite article ""a"" preceding nouns in descriptive or instructional contexts."
69860,"Words related to preparation or packing, often in advice or instructional contexts."
69943,"Tokens related to commitment, preparation, or being equipped for challenges or high-risk situations."
70063,"The token ""feeling"" in contexts of self-assessment or emotional states tied to confidence or bravery."
70305,"Tokens suggesting guidance or advice for beginners, specifically ""experience"" and ""recommendations""."
70307,"The token ""enough"" in contexts suggesting adequacy or sufficiency for a task or condition."
70520,"Conditional conjunction ""if"" introducing scenarios or conditions."
70529,"Words related to physical weight or mass, especially in contexts of burden or hindrance."
70656,"The token ""part"" in phrases like ""it's all part of"" indicating inclusion in a larger process or experience."
70745,"The verb ""go"" in contexts suggesting potential failure or risk."
70908,"Words indicating specificity or emphasis, e.g., ""to,"" ""single,"" ""own,"" ""routine,"" ""keen."""
71062,Words related to outdoor activities or adventurous sports.
71118,Action verbs related to adventurous or skill-based activities.
71139,"Contextual tokens linked to comparisons or classifications, often introducing or specifying terms."
71301,"The token ""rarely"" indicating infrequent occurrence or usage."
71339,Articles or nouns related to renting or setting up equipment for adventure sports.
71487,"Determiners ""the"" or ""done"" in contexts emphasizing preparation or completion."
71578,"The token ""need"" in contexts suggesting assistance or dependency."
71628,"The token ""the"" in contexts describing exciting or specific physical activities like diving or falling."
71696,"Plural nouns ending in ""ings"" referring to physical objects."
71760,"The pronoun ""you"" used in instructional or preparatory contexts."
71825,Prepositions indicating spatial or conceptual relationships in casual advice or activity-related contexts.
71860,"Terms related to skiing or snowboarding actions, especially ""jumps"" and ""spot"" in recreational contexts."
71915,Singular abstract nouns denoting essential concepts or features.
71958,"The token ""the"" preceding nouns related to excitement, adrenaline, or professional handling in adventurous contexts."
72502,"Prepositions ""to"" and ""cover"" in contexts discussing optionality or adequacy for beginners."
72566,"Articles ""a"" and ""first"" in imperative sentences encouraging action or participation."
72633,"Tokens emphasizing sensory experience, notably ""the"" before ""thrill"" and ""sense"" of an activity."
72641,"Tokens ""easily,"" ""to,"" or ""service"" in contexts emphasizing directness, simplicity, or lack of barriers."
72670,"The token ""holding"" when describing someone as a barrier or restriction to personal freedom or progress."
72787,"Comparative phrases using ""as"" or references to physical or metaphorical ""falls"" in action contexts."
72802,"The token ""waves"" describing size or excitement in surfing or water-related contexts."
72831,"Words related to professionals or expertise, especially ""pros"" and comparative effectiveness like ""effective""."
72860,Verbs indicating actions or processes related to managing or adjusting resources or situations.
72890,"Words expressing self-reliance or trust in minimal resources, often in informal or practical contexts."
72919,Punctuation marks like semicolons or dashes following expressions about not needing extra gear or formal training.
73018,"Comparative phrases starting with ""is"" or ""like"" related to gear, activities, or recommendations."
73139,"Singular possessive pronoun ""my"" in contexts of personal development or skill improvement."
73270,"The token ""entirely"" emphasizing completeness in an instinctive or experiential context."
73283,"Tokens relating to physical skill development or gym equipment like ""develop"" and ""spotters""."
73526,"Conditional conjunctions ""if"" or ""won"" in contexts describing optional actions or lack of necessity."
73592,Adjectives describing stability or reliability in physical or abstract contexts.
73707,"Tokens referring to immediacy or survival situations like ""moment"" and ""survival""."
73739,"Temporal adverbs or determiners indicating sequence, frequency, or occurrence in casual, action-oriented contexts."
73859,Verbs related to actions or decisions involving personal initiative or effort.
73924,"Recreational activity terms related to jumping, slacklining, or boarding in adventurous contexts."
73979,Words tied to physical coordination or altitude in instructional or experiential contexts.
73996,"Tokens like ""starting"" or ""starting out"" in contexts about beginning or initiating activities."
74047,The question mark token in direct questions.
74121,"Plural form of ""junkie"" referring to extreme sports or thrill-seeking individuals."
74272,"The token ""surface"" in contexts involving timing or safety in aquatic or diving scenarios."
74455,Verbs related to underwater diving or descending actions.
74679,Special character sequences resembling encoding artifacts or corrupted text.
74816,"The token ""hang"" in the idiomatic phrase ""get the hang of it."""
74923,"The token ""and"" in the phrase ""trial and error""."
75120,Words conveying physical sensations or experiences tied to action or achievement.
75158,"The token ""license"" in contexts related to qualifications or certifications."
75242,"The token ""injured"" in contexts expressing concern about physical harm or safety."
75370,"The word ""the"" following verbs indicating immediate action or focus."
75484,Words indicating desire or trust related to extreme activities or reliance on operators.
75573,Tokens related to climbing or scaling physical obstacles in urban or challenging environments.
75700,"The token ""underwater"" in contexts related to exploring or experiencing depth."
76061,Em dash-like characters or special symbols used in informal contexts.
76070,"Tokens ""anything"" and ""thoughts"" in reflective or advice-seeking contexts."
76085,"Words associated with physical excitement or thrill, especially ""adrenaline"" and dynamic activities like air time."
76154,"The pronoun ""it"" in phrases reflecting novelty or unfamiliarity with an activity or experience."
76155,"The token ""much"" emphasizing a limit or extent in advisory or cautionary contexts."
76203,"Terms related to extreme sports, especially ""base"" and ""mountain"" in contexts of jumping or biking."
76204,"Frequent adverbs and verbs indicating knowledge, occurrence, or control in experiential or skill-related contexts."
76358,"Words associated with physical learning experiences, especially ""falling"" in contexts of sports or challenges."
76409,Words related to movement strategy or terrain in physical activities.
76568,Prepositions indicating movement or positioning in action-related contexts.
76579,"The token ""ut"" in the word ""cautious"" especially when describing behavior or rules."
76582,"The token ""distances"" when referring to long or longer distances in physical activities like running."
76609,"Words contrasting or distinguishing options, like ""not,"" ""than,"" or ""alternating."""
76622,"Prepositions indicating spatial or positional relationships, especially ""on""."
76688,"The token ""go"" in motivational contexts encouraging action or pursuit of a challenging activity."
76761,"The token ""Plus"" introducing an additional benefit or positive aspect in context."
76763,"The term ""solo"" in contexts related to climbing or extreme sports."
76764,"Reflexive pronoun ""yourself"" emphasizing individual action or experience."
76893,Comma punctuation separating introductory or instructional clauses in text.
76976,"The token ""bottle"" when paired with ""water"" in contexts discussing light packing or essential items."
77255,Tokens related to clarity or transparency in water or mental focus.
77385,Functional words like prepositions and conjunctions in contexts emphasizing personal action or decision-making.
77396,"Articles ""a"" or ""in"" within motivational or activity-related contexts."
77645,Adverbs or prepositions indicating immediate or direct action often tied to physical activity contexts.
77690,"The token ""better"" emphasizing comparative advantage or preference in physical activities or conditions."
77708,"The token ""anything"" in contexts expressing unfamiliarity or novelty of an action or experience."
77827,"Positive comparative adjectives, especially ""better,"" in contexts emphasizing improvement or progression."
78077,Words associated with physical movement or spatial orientation in outdoor or aquatic contexts.
78131,"The token ""watch"" in contexts implying observation or monitoring."
78355,"Possessive ""'s"" following the word ""instructor""."
78391,"The token ""it"" within motivational or instructional contexts involving physical activities or challenges."
78478,Tokens related to renting or acquiring gear for outdoor or adventurous activities.
78481,Singular indefinite quantifiers or references indicating one distinct occurrence or instance.
78541,"The token ""store"" specifically in the phrase ""department store""."
78588,Informal expressions indicating experience or trust in a casual or recreational activity context.
78641,"Technical or procedural terms related to training, safety, or structured activities."
78656,"Action-oriented verbs implying improvement, avoidance, or caution in contexts of skill development or safety."
78711,"Tokens related to physical actions or outcomes, often involving risk, motion, or consequences."
78726,"The token ""to"" in motivational phrases emphasizing action or focus."
78744,"Verbs indicating continuous action or effort, often in motivational or instructional contexts."
78816,Words conveying encouragement or motivation in instructional contexts.
79325,"Adjectives describing size, simplicity, or intensity, often in contexts of personal experiences or decision-making."
79361,"The token ""to"" in the phrase ""to be"" expressing a state or condition."
79561,"Physical activities involving flips, gaps, or Class III difficulty in outdoor adventure contexts."
79670,"Words related to physical limits or milestones, particularly ""depth"" and ""birthday""."
79867,"Tokens ""it"" and ""to"" in motivational contexts encouraging action or decision-making."
79952,Words related to safety or risk evaluation in adventurous or physically demanding contexts.
80119,"Future-oriented verbs or adverbs expressing intent, delay, or eventual achievement of challenging goals."
80217,Pronouns referring to the reader in motivational contexts involving challenges or pushing limits.
80520,"Tokens related to marathons, particularly ""marathon"" in motivational or preparatory contexts."
80587,"Tokens representing initial or sensory experiences like ""new,"" ""run,"" ""feel,"" or ""old."""
80917,"Temporal expressions like ""for a while"" or actions involving preparation, often implying gradual effort or duration."
81081,Prepositions linking actions or recommendations to specific methods or contexts.
81314,"Comparative adjectives describing adequacy or sufficiency like ""enough"" and technical terms like ""techniques""."
81376,Verbs indicating addition or enhancement in active contexts.
81700,"Informal action-related words suggesting movement, ideas, or improvisation in a casual context."
81748,Tokens indicating progression or advancement in an activity or skill.
81793,"The token ""time"" when referring to a first occurrence or experience in an activity."
82338,"The token ""rely"" in contexts emphasizing dependence on instincts, determination, or natural abilities during activities."
82539,"The word ""it"" in a colloquial or motivational context, often paired with personal trust or pushing limits."
82635,"Tokens ""about"" and ""matters"" in contexts discussing priorities or concerns."
82663,Common determiners or prepositions at the start of a phrase.
82777,"The token ""have"" when expressing possession or ability in a positive context."
83006,"Action-oriented nouns or verbs tied to learning, exploring, or performing activities."
83033,"The suffix ""ing"" in verbs related to physical movement or action."
83089,"The token ""Falling"" in contexts about learning, effort, or progress involving physical or metaphorical trial."
